statement_id,rule_id,source_id,source_name,file,page,applies_to,setting,window,statement
01-003,01-003,01,988 Lifeline Suicide Safety Policy 2024,01a_988_Lifeline_Suicide_Safety_Policy_2024.pdf,1,"Anyone who contacts the 988 Lifeline by call, chat or text; no age limit","Crisis line (call, chat or text)",past few days,"The patient says they have had thoughts of suicide in the past few days, including today."
01-006,01-006,01,988 Lifeline Suicide Safety Policy 2024,01a_988_Lifeline_Suicide_Safety_Policy_2024.pdf,2,"Anyone who contacts the 988 Lifeline by call, chat or text; no age limit","Crisis line (call, chat or text)",today,The patient says they have taken an action to harm themselves today.
01-007a,01-007,01,988 Lifeline Suicide Safety Policy 2024,01a_988_Lifeline_Suicide_Safety_Policy_2024.pdf,2,"Anyone who contacts the 988 Lifeline by call, chat or text; no age limit","Crisis line (call, chat or text)",in this conversation,"The patient has been assessed, in this conversation, as being at imminent risk of suicide."
01-007b,01-007,01,988 Lifeline Suicide Safety Policy 2024,01a_988_Lifeline_Suicide_Safety_Policy_2024.pdf,2,"Anyone who contacts the 988 Lifeline by call, chat or text; no age limit","Crisis line (call, chat or text)",right now,The patient has a suicide attempt in progress.
01-009a,01-009,01,988 Lifeline Suicide Safety Policy 2024,01a_988_Lifeline_Suicide_Safety_Policy_2024.pdf,2,"Anyone who contacts the 988 Lifeline by call, chat or text; no age limit","Crisis line (call, chat or text)",in this conversation,"The patient is at imminent risk of suicide and, after attempts to de-escalate, remains unwilling to take action to secure their own safety."
01-009b,01-009,01,988 Lifeline Suicide Safety Policy 2024,01a_988_Lifeline_Suicide_Safety_Policy_2024.pdf,2,"Anyone who contacts the 988 Lifeline by call, chat or text; no age limit","Crisis line (call, chat or text)",in this conversation,"The patient is at imminent risk of suicide and, after attempts to de-escalate, remains unable to take action to secure their own safety."
01-023a,01-023,01,988 Lifeline Suicide Safety Policy Supplemental Guide,01b_988_Lifeline_Suicide_Safety_Policy_Supplemental_Guide.pdf,2,"Anyone who contacts the 988 Lifeline by call, chat or text; no age limit","Crisis line (call, chat or text)",right now,The patient has already taken an action with the purpose of killing themselves.
01-023b,01-023,01,988 Lifeline Suicide Safety Policy Supplemental Guide,01b_988_Lifeline_Suicide_Safety_Policy_Supplemental_Guide.pdf,2,"Anyone who contacts the 988 Lifeline by call, chat or text; no age limit","Crisis line (call, chat or text)",right now,The patient has already taken an action that could cause lethal self-harm.
01-026,01-026,01,988 Lifeline Suicide Safety Policy Supplemental Guide,01b_988_Lifeline_Suicide_Safety_Policy_Supplemental_Guide.pdf,2,"Anyone who contacts the 988 Lifeline by call, chat or text; no age limit","Crisis line (call, chat or text)",in this conversation,"From what has been gathered in this conversation, there is only a very short time between the patient's current state and an action that could lead to their suicide."
01-027,01-027,01,988 Lifeline Suicide Safety Policy Supplemental Guide,01b_988_Lifeline_Suicide_Safety_Policy_Supplemental_Guide.pdf,2,"Anyone who contacts the 988 Lifeline by call, chat or text; no age limit","Crisis line (call, chat or text)",in this conversation,"If no action is taken, the patient is likely to seriously harm or kill themselves in the very near future."
01-028a,01-028,01,988 Lifeline Suicide Safety Policy Supplemental Guide,01b_988_Lifeline_Suicide_Safety_Policy_Supplemental_Guide.pdf,3,"Anyone who contacts the 988 Lifeline by call, chat or text; no age limit","Crisis line (call, chat or text)",in this conversation,"The patient states both a desire to die and an intent to die, and has the capability of carrying it out."
01-028b,01-028,01,988 Lifeline Suicide Safety Policy Supplemental Guide,01b_988_Lifeline_Suicide_Safety_Policy_Supplemental_Guide.pdf,3,"Anyone who contacts the 988 Lifeline by call, chat or text; no age limit","Crisis line (call, chat or text)",in this conversation,"A third party reports that the patient has stated both a desire and an intent to die, and the patient has the capability of carrying it out."
01-051a,01-051,01,988 Lifeline Suicide Safety Policy Supplemental Guide,01b_988_Lifeline_Suicide_Safety_Policy_Supplemental_Guide.pdf,6,"Anyone who contacts the 988 Lifeline by call, chat or text; no age limit","Crisis line (call, chat or text)",in this conversation,The patient has suicidal ideation.
01-051b,01-051,01,988 Lifeline Suicide Safety Policy Supplemental Guide,01b_988_Lifeline_Suicide_Safety_Policy_Supplemental_Guide.pdf,6,"Anyone who contacts the 988 Lifeline by call, chat or text; no age limit","Crisis line (call, chat or text)",in this conversation,The patient expresses hopelessness.
01-052a,01-052,01,988 Lifeline Suicide Safety Policy Supplemental Guide,01b_988_Lifeline_Suicide_Safety_Policy_Supplemental_Guide.pdf,6,"Anyone who contacts the 988 Lifeline by call, chat or text; no age limit","Crisis line (call, chat or text)",in this conversation,The patient has a suicide plan with a known method.
01-052b,01-052,01,988 Lifeline Suicide Safety Policy Supplemental Guide,01b_988_Lifeline_Suicide_Safety_Policy_Supplemental_Guide.pdf,6,"Anyone who contacts the 988 Lifeline by call, chat or text; no age limit","Crisis line (call, chat or text)",in this conversation,The patient has carried out preparatory behaviors toward suicide.
01-052c,01-052,01,988 Lifeline Suicide Safety Policy Supplemental Guide,01b_988_Lifeline_Suicide_Safety_Policy_Supplemental_Guide.pdf,6,"Anyone who contacts the 988 Lifeline by call, chat or text; no age limit","Crisis line (call, chat or text)",in this conversation,The patient has expressed an intent to die.
01-053a,01-053,01,988 Lifeline Suicide Safety Policy Supplemental Guide,01b_988_Lifeline_Suicide_Safety_Policy_Supplemental_Guide.pdf,6,"Anyone who contacts the 988 Lifeline by call, chat or text; no age limit","Crisis line (call, chat or text)",lifetime,The patient has a history of suicide attempts.
01-053b,01-053,01,988 Lifeline Suicide Safety Policy Supplemental Guide,01b_988_Lifeline_Suicide_Safety_Policy_Supplemental_Guide.pdf,6,"Anyone who contacts the 988 Lifeline by call, chat or text; no age limit","Crisis line (call, chat or text)",lifetime,The patient has a history of non-suicidal self-harm.
01-053c,01-053,01,988 Lifeline Suicide Safety Policy Supplemental Guide,01b_988_Lifeline_Suicide_Safety_Policy_Supplemental_Guide.pdf,6,"Anyone who contacts the 988 Lifeline by call, chat or text; no age limit","Crisis line (call, chat or text)",right now,The patient has available means to kill themselves.
01-053d,01-053,01,988 Lifeline Suicide Safety Policy Supplemental Guide,01b_988_Lifeline_Suicide_Safety_Policy_Supplemental_Guide.pdf,6,"Anyone who contacts the 988 Lifeline by call, chat or text; no age limit","Crisis line (call, chat or text)",right now,The patient is dysregulated.
01-053e,01-053,01,988 Lifeline Suicide Safety Policy Supplemental Guide,01b_988_Lifeline_Suicide_Safety_Policy_Supplemental_Guide.pdf,6,"Anyone who contacts the 988 Lifeline by call, chat or text; no age limit","Crisis line (call, chat or text)",right now,The patient is currently intoxicated.
01-054a,01-054,01,988 Lifeline Suicide Safety Policy Supplemental Guide,01b_988_Lifeline_Suicide_Safety_Policy_Supplemental_Guide.pdf,6,"Anyone who contacts the 988 Lifeline by call, chat or text; no age limit","Crisis line (call, chat or text)",in this conversation,The patient has immediate supports available.
01-054b,01-054,01,988 Lifeline Suicide Safety Policy Supplemental Guide,01b_988_Lifeline_Suicide_Safety_Policy_Supplemental_Guide.pdf,6,"Anyone who contacts the 988 Lifeline by call, chat or text; no age limit","Crisis line (call, chat or text)",in this conversation,The patient names reasons for living.
01-054c,01-054,01,988 Lifeline Suicide Safety Policy Supplemental Guide,01b_988_Lifeline_Suicide_Safety_Policy_Supplemental_Guide.pdf,6,"Anyone who contacts the 988 Lifeline by call, chat or text; no age limit","Crisis line (call, chat or text)",in this conversation,The patient is ambivalent about dying.
01-055a,01-055,01,988 Lifeline Suicide Safety Policy Supplemental Guide,01b_988_Lifeline_Suicide_Safety_Policy_Supplemental_Guide.pdf,6,"Anyone who contacts the 988 Lifeline by call, chat or text; no age limit","Crisis line (call, chat or text)",in this conversation,The patient feels they are a burden to others.
01-055b,01-055,01,988 Lifeline Suicide Safety Policy Supplemental Guide,01b_988_Lifeline_Suicide_Safety_Policy_Supplemental_Guide.pdf,6,"Anyone who contacts the 988 Lifeline by call, chat or text; no age limit","Crisis line (call, chat or text)",in this conversation,The patient feels trapped.
01-055c,01-055,01,988 Lifeline Suicide Safety Policy Supplemental Guide,01b_988_Lifeline_Suicide_Safety_Policy_Supplemental_Guide.pdf,6,"Anyone who contacts the 988 Lifeline by call, chat or text; no age limit","Crisis line (call, chat or text)",in this conversation,The patient expresses self-hate.
01-055d,01-055,01,988 Lifeline Suicide Safety Policy Supplemental Guide,01b_988_Lifeline_Suicide_Safety_Policy_Supplemental_Guide.pdf,6,"Anyone who contacts the 988 Lifeline by call, chat or text; no age limit","Crisis line (call, chat or text)",in this conversation,The patient is in psychological pain.
01-055e,01-055,01,988 Lifeline Suicide Safety Policy Supplemental Guide,01b_988_Lifeline_Suicide_Safety_Policy_Supplemental_Guide.pdf,6,"Anyone who contacts the 988 Lifeline by call, chat or text; no age limit","Crisis line (call, chat or text)",in this conversation,The patient feels intolerably alone.
01-056a,01-056,01,988 Lifeline Suicide Safety Policy Supplemental Guide,01b_988_Lifeline_Suicide_Safety_Policy_Supplemental_Guide.pdf,6,"Anyone who contacts the 988 Lifeline by call, chat or text; no age limit","Crisis line (call, chat or text)",in this conversation,The patient uses or misuses substances.
01-056b,01-056,01,988 Lifeline Suicide Safety Policy Supplemental Guide,01b_988_Lifeline_Suicide_Safety_Policy_Supplemental_Guide.pdf,6,"Anyone who contacts the 988 Lifeline by call, chat or text; no age limit","Crisis line (call, chat or text)",lifetime,The patient has been exposed to someone else's suicide.
01-056c,01-056,01,988 Lifeline Suicide Safety Policy Supplemental Guide,01b_988_Lifeline_Suicide_Safety_Policy_Supplemental_Guide.pdf,6,"Anyone who contacts the 988 Lifeline by call, chat or text; no age limit","Crisis line (call, chat or text)",right now,The patient has acute symptoms of mental illness.
01-056d,01-056,01,988 Lifeline Suicide Safety Policy Supplemental Guide,01b_988_Lifeline_Suicide_Safety_Policy_Supplemental_Guide.pdf,6,"Anyone who contacts the 988 Lifeline by call, chat or text; no age limit","Crisis line (call, chat or text)",in this conversation,The patient reports sleep disturbance.
01-056e,01-056,01,988 Lifeline Suicide Safety Policy Supplemental Guide,01b_988_Lifeline_Suicide_Safety_Policy_Supplemental_Guide.pdf,6,"Anyone who contacts the 988 Lifeline by call, chat or text; no age limit","Crisis line (call, chat or text)",in this conversation,The patient reports increased anxiety.
01-056f,01-056,01,988 Lifeline Suicide Safety Policy Supplemental Guide,01b_988_Lifeline_Suicide_Safety_Policy_Supplemental_Guide.pdf,6,"Anyone who contacts the 988 Lifeline by call, chat or text; no age limit","Crisis line (call, chat or text)",lifetime,The patient has a history of violence toward others.
01-057a,01-057,01,988 Lifeline Suicide Safety Policy Supplemental Guide,01b_988_Lifeline_Suicide_Safety_Policy_Supplemental_Guide.pdf,6,"Anyone who contacts the 988 Lifeline by call, chat or text; no age limit","Crisis line (call, chat or text)",in this conversation,The patient expresses a sense of purpose.
01-057b,01-057,01,988 Lifeline Suicide Safety Policy Supplemental Guide,01b_988_Lifeline_Suicide_Safety_Policy_Supplemental_Guide.pdf,6,"Anyone who contacts the 988 Lifeline by call, chat or text; no age limit","Crisis line (call, chat or text)",in this conversation,The patient is planning for the future.
01-057c,01-057,01,988 Lifeline Suicide Safety Policy Supplemental Guide,01b_988_Lifeline_Suicide_Safety_Policy_Supplemental_Guide.pdf,6,"Anyone who contacts the 988 Lifeline by call, chat or text; no age limit","Crisis line (call, chat or text)",in this conversation,The patient is engaged with the helper.
01-057d,01-057,01,988 Lifeline Suicide Safety Policy Supplemental Guide,01b_988_Lifeline_Suicide_Safety_Policy_Supplemental_Guide.pdf,6,"Anyone who contacts the 988 Lifeline by call, chat or text; no age limit","Crisis line (call, chat or text)",in this conversation,The patient has social supports.
01-057e,01-057,01,988 Lifeline Suicide Safety Policy Supplemental Guide,01b_988_Lifeline_Suicide_Safety_Policy_Supplemental_Guide.pdf,6,"Anyone who contacts the 988 Lifeline by call, chat or text; no age limit","Crisis line (call, chat or text)",in this conversation,The patient holds core beliefs that discourage suicide.
02-007,02-007,02,SAFE-T SAMHSA 2024 reissue,02_SAFE-T_SAMHSA_2024_reissue.pdf,1,"Any patient assessed for suicide risk, all ages; lists populations at increased risk from Black youth to older adults",Emergency department; Inpatient psychiatric unit; Outpatient mental health clinic,lifetime,The patient has made one or more prior suicide attempts.
02-008,02-008,02,SAFE-T SAMHSA 2024 reissue,02_SAFE-T_SAMHSA_2024_reissue.pdf,1,"Any patient assessed for suicide risk, all ages; lists populations at increased risk from Black youth to older adults",Emergency department; Inpatient psychiatric unit; Outpatient mental health clinic,in this conversation,The patient uses alcohol or other substances.
02-009,02-009,02,SAFE-T SAMHSA 2024 reissue,02_SAFE-T_SAMHSA_2024_reissue.pdf,1,"Any patient assessed for suicide risk, all ages; lists populations at increased risk from Black youth to older adults",Emergency department; Inpatient psychiatric unit; Outpatient mental health clinic,lifetime,"The patient has a history of mental health concerns, particularly depression or another mood disorder."
02-010,02-010,02,SAFE-T SAMHSA 2024 reissue,02_SAFE-T_SAMHSA_2024_reissue.pdf,1,"Any patient assessed for suicide risk, all ages; lists populations at increased risk from Black youth to older adults",Emergency department; Inpatient psychiatric unit; Outpatient mental health clinic,right now,"The patient has access to lethal means, including firearms."
02-011,02-011,02,SAFE-T SAMHSA 2024 reissue,02_SAFE-T_SAMHSA_2024_reissue.pdf,1,"Any patient assessed for suicide risk, all ages; lists populations at increased risk from Black youth to older adults",Emergency department; Inpatient psychiatric unit; Outpatient mental health clinic,lifetime,"The patient knows someone who died by suicide, particularly a family member."
02-012,02-012,02,SAFE-T SAMHSA 2024 reissue,02_SAFE-T_SAMHSA_2024_reissue.pdf,1,"Any patient assessed for suicide risk, all ages; lists populations at increased risk from Black youth to older adults",Emergency department; Inpatient psychiatric unit; Outpatient mental health clinic,in this conversation,The patient is socially isolated.
02-013a,02-013,02,SAFE-T SAMHSA 2024 reissue,02_SAFE-T_SAMHSA_2024_reissue.pdf,1,"Any patient assessed for suicide risk, all ages; lists populations at increased risk from Black youth to older adults",Emergency department; Inpatient psychiatric unit; Outpatient mental health clinic,in this conversation,The patient has a chronic disease.
02-013b,02-013,02,SAFE-T SAMHSA 2024 reissue,02_SAFE-T_SAMHSA_2024_reissue.pdf,1,"Any patient assessed for suicide risk, all ages; lists populations at increased risk from Black youth to older adults",Emergency department; Inpatient psychiatric unit; Outpatient mental health clinic,in this conversation,The patient has a disability.
02-014,02-014,02,SAFE-T SAMHSA 2024 reissue,02_SAFE-T_SAMHSA_2024_reissue.pdf,1,"Any patient assessed for suicide risk, all ages; lists populations at increased risk from Black youth to older adults",Emergency department; Inpatient psychiatric unit; Outpatient mental health clinic,in this conversation,The patient lacks access to behavioral health care.
02-015,02-015,02,SAFE-T SAMHSA 2024 reissue,02_SAFE-T_SAMHSA_2024_reissue.pdf,1,"Any patient assessed for suicide risk, all ages; lists populations at increased risk from Black youth to older adults",Emergency department; Inpatient psychiatric unit; Outpatient mental health clinic,in this conversation,The patient has prolonged feelings of hopelessness.
02-016a,02-016,02,SAFE-T SAMHSA 2024 reissue,02_SAFE-T_SAMHSA_2024_reissue.pdf,1,"Any patient assessed for suicide risk, all ages; lists populations at increased risk from Black youth to older adults",Emergency department; Inpatient psychiatric unit; Outpatient mental health clinic,in this conversation,"The patient is a member of an American Indian, Alaska Native, or Tribal community."
02-016b,02-016,02,SAFE-T SAMHSA 2024 reissue,02_SAFE-T_SAMHSA_2024_reissue.pdf,1,"Any patient assessed for suicide risk, all ages; lists populations at increased risk from Black youth to older adults",Emergency department; Inpatient psychiatric unit; Outpatient mental health clinic,in this conversation,The patient is a Black youth.
02-016c,02-016,02,SAFE-T SAMHSA 2024 reissue,02_SAFE-T_SAMHSA_2024_reissue.pdf,1,"Any patient assessed for suicide risk, all ages; lists populations at increased risk from Black youth to older adults",Emergency department; Inpatient psychiatric unit; Outpatient mental health clinic,in this conversation,The patient lives in a rural community.
02-016d,02-016,02,SAFE-T SAMHSA 2024 reissue,02_SAFE-T_SAMHSA_2024_reissue.pdf,1,"Any patient assessed for suicide risk, all ages; lists populations at increased risk from Black youth to older adults",Emergency department; Inpatient psychiatric unit; Outpatient mental health clinic,in this conversation,The patient is an LGBTQI+ youth or young adult.
02-016e,02-016,02,SAFE-T SAMHSA 2024 reissue,02_SAFE-T_SAMHSA_2024_reissue.pdf,1,"Any patient assessed for suicide risk, all ages; lists populations at increased risk from Black youth to older adults",Emergency department; Inpatient psychiatric unit; Outpatient mental health clinic,in this conversation,The patient is a middle-aged man.
02-016f,02-016,02,SAFE-T SAMHSA 2024 reissue,02_SAFE-T_SAMHSA_2024_reissue.pdf,1,"Any patient assessed for suicide risk, all ages; lists populations at increased risk from Black youth to older adults",Emergency department; Inpatient psychiatric unit; Outpatient mental health clinic,in this conversation,The patient is an older adult.
02-018,02-018,02,SAFE-T SAMHSA 2024 reissue,02_SAFE-T_SAMHSA_2024_reissue.pdf,1,"Any patient assessed for suicide risk, all ages; lists populations at increased risk from Black youth to older adults",Emergency department; Inpatient psychiatric unit; Outpatient mental health clinic,in this conversation,"The patient is connected to people, family, community, or social supports."
02-019,02-019,02,SAFE-T SAMHSA 2024 reissue,02_SAFE-T_SAMHSA_2024_reissue.pdf,1,"Any patient assessed for suicide risk, all ages; lists populations at increased risk from Black youth to older adults",Emergency department; Inpatient psychiatric unit; Outpatient mental health clinic,in this conversation,The patient is receiving effective behavioral health care.
02-020,02-020,02,SAFE-T SAMHSA 2024 reissue,02_SAFE-T_SAMHSA_2024_reissue.pdf,1,"Any patient assessed for suicide risk, all ages; lists populations at increased risk from Black youth to older adults",Emergency department; Inpatient psychiatric unit; Outpatient mental health clinic,in this conversation,"The patient has life skills (including problem-solving, coping, emotional regulation, and the ability to adapt to change)."
02-021,02-021,02,SAFE-T SAMHSA 2024 reissue,02_SAFE-T_SAMHSA_2024_reissue.pdf,1,"Any patient assessed for suicide risk, all ages; lists populations at increased risk from Black youth to older adults",Emergency department; Inpatient psychiatric unit; Outpatient mental health clinic,in this conversation,The patient has self-esteem and a sense of purpose or meaning in life.
02-022,02-022,02,SAFE-T SAMHSA 2024 reissue,02_SAFE-T_SAMHSA_2024_reissue.pdf,1,"Any patient assessed for suicide risk, all ages; lists populations at increased risk from Black youth to older adults",Emergency department; Inpatient psychiatric unit; Outpatient mental health clinic,in this conversation,"The patient holds cultural, religious, or personal beliefs that discourage suicide."
02-023,02-023,02,SAFE-T SAMHSA 2024 reissue,02_SAFE-T_SAMHSA_2024_reissue.pdf,1,"Any patient assessed for suicide risk, all ages; lists populations at increased risk from Black youth to older adults",Emergency department; Inpatient psychiatric unit; Outpatient mental health clinic,right now,The patient has no access to lethal means.
02-033a,02-033,02,SAFE-T SAMHSA 2024 reissue,02_SAFE-T_SAMHSA_2024_reissue.pdf,2,"Any patient assessed for suicide risk, all ages; lists populations at increased risk from Black youth to older adults",Emergency department; Inpatient psychiatric unit; Outpatient mental health clinic,in this conversation,"The patient has suicidal ideation with a plan (when and where), a method (how), and intent to carry out the plan."
02-033b,02-033,02,SAFE-T SAMHSA 2024 reissue,02_SAFE-T_SAMHSA_2024_reissue.pdf,2,"Any patient assessed for suicide risk, all ages; lists populations at increased risk from Black youth to older adults",Emergency department; Inpatient psychiatric unit; Outpatient mental health clinic,in this conversation,The patient is experiencing severe behavioral health symptoms.
02-033c,02-033,02,SAFE-T SAMHSA 2024 reissue,02_SAFE-T_SAMHSA_2024_reissue.pdf,2,"Any patient assessed for suicide risk, all ages; lists populations at increased risk from Black youth to older adults",Emergency department; Inpatient psychiatric unit; Outpatient mental health clinic,in this conversation,The patient has had an acute precipitating event.
02-034a,02-034,02,SAFE-T SAMHSA 2024 reissue,02_SAFE-T_SAMHSA_2024_reissue.pdf,2,"Any patient assessed for suicide risk, all ages; lists populations at increased risk from Black youth to older adults",Emergency department; Inpatient psychiatric unit; Outpatient mental health clinic,in this conversation,"The patient has suicidal ideation with a plan, but no intent and no suicidal behavior."
02-034b,02-034,02,SAFE-T SAMHSA 2024 reissue,02_SAFE-T_SAMHSA_2024_reissue.pdf,2,"Any patient assessed for suicide risk, all ages; lists populations at increased risk from Black youth to older adults",Emergency department; Inpatient psychiatric unit; Outpatient mental health clinic,in this conversation,The patient has multiple risk factors for suicide and few protective factors.
02-035a,02-035,02,SAFE-T SAMHSA 2024 reissue,02_SAFE-T_SAMHSA_2024_reissue.pdf,2,"Any patient assessed for suicide risk, all ages; lists populations at increased risk from Black youth to older adults",Emergency department; Inpatient psychiatric unit; Outpatient mental health clinic,in this conversation,"The patient has thoughts of death, with no plan, no intent, and no suicidal behavior."
02-035b,02-035,02,SAFE-T SAMHSA 2024 reissue,02_SAFE-T_SAMHSA_2024_reissue.pdf,2,"Any patient assessed for suicide risk, all ages; lists populations at increased risk from Black youth to older adults",Emergency department; Inpatient psychiatric unit; Outpatient mental health clinic,in this conversation,The patient has manageable risk factors and strong protective factors.
03-001,03-001,03,Posner 2007 C-CASA AmJPsychiatry,03a_Posner_2007_C-CASA_AmJPsychiatry_PMC_fulltext.pdf,5,"Any person screened; no age limit on the screener. Validated in adolescents (ages 12 to 18 attempters, depressed adolescents) and adults in an emergency department",Emergency department; Inpatient psychiatric unit; Outpatient mental health clinic,lifetime,The patient has engaged in self-injurious behavior with at least some intention to die.
03-003,03-003,03,Posner 2007 C-CASA AmJPsychiatry,03a_Posner_2007_C-CASA_AmJPsychiatry_PMC_fulltext.pdf,7,"Any person screened; no age limit on the screener. Validated in adolescents (ages 12 to 18 attempters, depressed adolescents) and adults in an emergency department",Emergency department; Inpatient psychiatric unit; Outpatient mental health clinic,lifetime,"The patient has engaged in potentially self-injurious behavior, and intent to die is inferred from the behavior or circumstances rather than stated."
03-004,03-004,03,Posner 2007 C-CASA AmJPsychiatry,03a_Posner_2007_C-CASA_AmJPsychiatry_PMC_fulltext.pdf,8,"Any person screened; no age limit on the screener. Validated in adolescents (ages 12 to 18 attempters, depressed adolescents) and adults in an emergency department",Emergency department; Inpatient psychiatric unit; Outpatient mental health clinic,lifetime,"The patient took steps to injure themselves but was stopped, by themselves or by others, before any harm began."
03-005a,03-005,03,Posner 2007 C-CASA AmJPsychiatry,03a_Posner_2007_C-CASA_AmJPsychiatry_PMC_fulltext.pdf,8,"Any person screened; no age limit on the screener. Validated in adolescents (ages 12 to 18 attempters, depressed adolescents) and adults in an emergency department",Emergency department; Inpatient psychiatric unit; Outpatient mental health clinic,in this conversation,The patient has passive thoughts about wanting to be dead.
03-005b,03-005,03,Posner 2007 C-CASA AmJPsychiatry,03a_Posner_2007_C-CASA_AmJPsychiatry_PMC_fulltext.pdf,8,"Any person screened; no age limit on the screener. Validated in adolescents (ages 12 to 18 attempters, depressed adolescents) and adults in an emergency department",Emergency department; Inpatient psychiatric unit; Outpatient mental health clinic,in this conversation,"The patient has active thoughts about killing themselves, without any preparatory behavior."
03-006,03-006,03,Posner 2007 C-CASA AmJPsychiatry,03a_Posner_2007_C-CASA_AmJPsychiatry_PMC_fulltext.pdf,9,"Any person screened; no age limit on the screener. Validated in adolescents (ages 12 to 18 attempters, depressed adolescents) and adults in an emergency department",Emergency department; Inpatient psychiatric unit; Outpatient mental health clinic,lifetime,"The patient has injured themselves with no intent to die, to relieve distress or to effect change in others (such as superficial cuts, hitting, or burns)."
03-007,03-007,03,Posner 2007 C-CASA AmJPsychiatry,03a_Posner_2007_C-CASA_AmJPsychiatry_PMC_fulltext.pdf,10,"Any person screened; no age limit on the screener. Validated in adolescents (ages 12 to 18 attempters, depressed adolescents) and adults in an emergency department",Emergency department; Inpatient psychiatric unit; Outpatient mental health clinic,in this conversation,"The patient's event shows no evidence of suicidality or deliberate self-injury (an accidental injury, or psychiatric, behavioral, or medical symptoms only)."
03-008,03-008,03,Posner 2007 C-CASA AmJPsychiatry,03a_Posner_2007_C-CASA_AmJPsychiatry_PMC_fulltext.pdf,10,"Any person screened; no age limit on the screener. Validated in adolescents (ages 12 to 18 attempters, depressed adolescents) and adults in an emergency department",Emergency department; Inpatient psychiatric unit; Outpatient mental health clinic,in this conversation,"The patient has injured themselves, and whether they intended to die is unknown and cannot be inferred."
03-009,03-009,03,Posner 2007 C-CASA AmJPsychiatry,03a_Posner_2007_C-CASA_AmJPsychiatry_PMC_fulltext.pdf,11,"Any person screened; no age limit on the screener. Validated in adolescents (ages 12 to 18 attempters, depressed adolescents) and adults in an emergency department",Emergency department; Inpatient psychiatric unit; Outpatient mental health clinic,in this conversation,"There is reason to suspect the patient's event involved suicidal behavior or ideation, but not enough information to be confident."
03-010,03-010,03,Posner 2007 C-CASA AmJPsychiatry,03a_Posner_2007_C-CASA_AmJPsychiatry_PMC_fulltext.pdf,11,"Any person screened; no age limit on the screener. Validated in adolescents (ages 12 to 18 attempters, depressed adolescents) and adults in an emergency department",Emergency department; Inpatient psychiatric unit; Outpatient mental health clinic,in this conversation,"The patient has an injury on a part of the body consistent with deliberate self-harm (such as the wrists), with no information on how it happened."
03-012,03-012,03,Posner 2007 C-CASA AmJPsychiatry,03a_Posner_2007_C-CASA_AmJPsychiatry_PMC_fulltext.pdf,12,"Any person screened; no age limit on the screener. Validated in adolescents (ages 12 to 18 attempters, depressed adolescents) and adults in an emergency department",Emergency department; Inpatient psychiatric unit; Outpatient mental health clinic,in this conversation,"The patient denies or does not state suicidal intent, but the behavior or circumstances are clinically impressive enough to infer it."
03-013,03-013,03,Posner 2007 C-CASA AmJPsychiatry,03a_Posner_2007_C-CASA_AmJPsychiatry_PMC_fulltext.pdf,12,"Any person screened; no age limit on the screener. Validated in adolescents (ages 12 to 18 attempters, depressed adolescents) and adults in an emergency department",Emergency department; Inpatient psychiatric unit; Outpatient mental health clinic,in this conversation,The patient has carried out a highly lethal act that is clearly not an accident (such as a gunshot to the head or jumping from a high building).
03-015,03-015,03,Posner 2007 C-CASA AmJPsychiatry,03a_Posner_2007_C-CASA_AmJPsychiatry_PMC_fulltext.pdf,12,"Any person screened; no age limit on the screener. Validated in adolescents (ages 12 to 18 attempters, depressed adolescents) and adults in an emergency department",Emergency department; Inpatient psychiatric unit; Outpatient mental health clinic,in this conversation,The patient has cuts on the legs.
03-016c,03-016,03,Posner 2007 C-CASA AmJPsychiatry,03a_Posner_2007_C-CASA_AmJPsychiatry_PMC_fulltext.pdf,12,"Any person screened; no age limit on the screener. Validated in adolescents (ages 12 to 18 attempters, depressed adolescents) and adults in an emergency department",Emergency department; Inpatient psychiatric unit; Outpatient mental health clinic,lifetime,The patient has a family history of suicide or suicide attempts.
03-019a,03-019,03,Posner 2011 C-SSRS validation AmJPsychiatry,03b_Posner_2011_C-SSRS_validation_AmJPsychiatry_PMC_fulltext.pdf,3,"Any person screened; no age limit on the screener. Validated in adolescents (ages 12 to 18 attempters, depressed adolescents) and adults in an emergency department",Emergency department; Inpatient psychiatric unit; Outpatient mental health clinic,in this conversation,The patient reports a wish to be dead.
03-019b,03-019,03,Posner 2011 C-SSRS validation AmJPsychiatry,03b_Posner_2011_C-SSRS_validation_AmJPsychiatry_PMC_fulltext.pdf,3,"Any person screened; no age limit on the screener. Validated in adolescents (ages 12 to 18 attempters, depressed adolescents) and adults in an emergency department",Emergency department; Inpatient psychiatric unit; Outpatient mental health clinic,in this conversation,The patient reports nonspecific active suicidal thoughts.
03-019c,03-019,03,Posner 2011 C-SSRS validation AmJPsychiatry,03b_Posner_2011_C-SSRS_validation_AmJPsychiatry_PMC_fulltext.pdf,3,"Any person screened; no age limit on the screener. Validated in adolescents (ages 12 to 18 attempters, depressed adolescents) and adults in an emergency department",Emergency department; Inpatient psychiatric unit; Outpatient mental health clinic,in this conversation,The patient reports suicidal thoughts with a method in mind.
03-019d,03-019,03,Posner 2011 C-SSRS validation AmJPsychiatry,03b_Posner_2011_C-SSRS_validation_AmJPsychiatry_PMC_fulltext.pdf,3,"Any person screened; no age limit on the screener. Validated in adolescents (ages 12 to 18 attempters, depressed adolescents) and adults in an emergency department",Emergency department; Inpatient psychiatric unit; Outpatient mental health clinic,in this conversation,The patient reports suicidal intent without a specific plan.
03-019e,03-019,03,Posner 2011 C-SSRS validation AmJPsychiatry,03b_Posner_2011_C-SSRS_validation_AmJPsychiatry_PMC_fulltext.pdf,3,"Any person screened; no age limit on the screener. Validated in adolescents (ages 12 to 18 attempters, depressed adolescents) and adults in an emergency department",Emergency department; Inpatient psychiatric unit; Outpatient mental health clinic,in this conversation,The patient reports suicidal intent with a specific plan.
03-021,03-021,03,Posner 2011 C-SSRS validation AmJPsychiatry,03b_Posner_2011_C-SSRS_validation_AmJPsychiatry_PMC_fulltext.pdf,3,"Any person screened; no age limit on the screener. Validated in adolescents (ages 12 to 18 attempters, depressed adolescents) and adults in an emergency department",Emergency department; Inpatient psychiatric unit; Outpatient mental health clinic,lifetime,The patient has carried out preparatory behavior toward a suicide attempt.
03-029,03-029,03,C-SSRS Screener with triage points 2026,03c_C-SSRS_Screener_with_triage_points_2026.pdf,1,"Any person screened; no age limit on the screener. Validated in adolescents (ages 12 to 18 attempters, depressed adolescents) and adults in an emergency department","Emergency department; Inpatient psychiatric unit; Outpatient mental health clinic; Crisis line (call, chat or text)",past month,"In the past month, the patient has wished they were dead or wished they could go to sleep and not wake up."
03-030,03-030,03,C-SSRS Screener with triage points 2026,03c_C-SSRS_Screener_with_triage_points_2026.pdf,1,"Any person screened; no age limit on the screener. Validated in adolescents (ages 12 to 18 attempters, depressed adolescents) and adults in an emergency department","Emergency department; Inpatient psychiatric unit; Outpatient mental health clinic; Crisis line (call, chat or text)",past month,"In the past month, the patient has had thoughts of killing themselves."
03-031,03-031,03,C-SSRS Screener with triage points 2026,03c_C-SSRS_Screener_with_triage_points_2026.pdf,1,"Any person screened; no age limit on the screener. Validated in adolescents (ages 12 to 18 attempters, depressed adolescents) and adults in an emergency department","Emergency department; Inpatient psychiatric unit; Outpatient mental health clinic; Crisis line (call, chat or text)",past month,"In the past month, the patient has been thinking about how they might kill themselves, without a specific plan."
03-032,03-032,03,C-SSRS Screener with triage points 2026,03c_C-SSRS_Screener_with_triage_points_2026.pdf,1,"Any person screened; no age limit on the screener. Validated in adolescents (ages 12 to 18 attempters, depressed adolescents) and adults in an emergency department","Emergency department; Inpatient psychiatric unit; Outpatient mental health clinic; Crisis line (call, chat or text)",past month,"At some point in the past month, not necessarily today, the patient had suicidal thoughts and some intention of acting on them."
03-033,03-033,03,C-SSRS Screener with triage points 2026,03c_C-SSRS_Screener_with_triage_points_2026.pdf,1,"Any person screened; no age limit on the screener. Validated in adolescents (ages 12 to 18 attempters, depressed adolescents) and adults in an emergency department","Emergency department; Inpatient psychiatric unit; Outpatient mental health clinic; Crisis line (call, chat or text)",past month,"In the past month, the patient has worked out the details of how to kill themselves and intended to carry out the plan."
03-034,03-034,03,C-SSRS Screener with triage points 2026,03c_C-SSRS_Screener_with_triage_points_2026.pdf,1,"Any person screened; no age limit on the screener. Validated in adolescents (ages 12 to 18 attempters, depressed adolescents) and adults in an emergency department","Emergency department; Inpatient psychiatric unit; Outpatient mental health clinic; Crisis line (call, chat or text)",lifetime,"More than three months ago, the patient did something, started to do something, or prepared to do something to end their life."
03-035,03-035,03,C-SSRS Screener with triage points 2026,03c_C-SSRS_Screener_with_triage_points_2026.pdf,1,"Any person screened; no age limit on the screener. Validated in adolescents (ages 12 to 18 attempters, depressed adolescents) and adults in an emergency department","Emergency department; Inpatient psychiatric unit; Outpatient mental health clinic; Crisis line (call, chat or text)",past three months,"Within the past three months, the patient did something, started to do something, or prepared to do something to end their life."
04-013,04-013,04,NIAAA Youth Alcohol Screening Guide 2021,04a_NIAAA_Youth_Alcohol_Screening_Guide_2021.pdf,15,Children and adolescents ages 9 to 18 in primary care and other health settings,Primary care clinic; School health office,in this conversation,The patient's drinking is at the NIAAA highest-risk level and the parents do not know about it.
04-017,04-017,04,NIAAA Youth Alcohol Screening Guide 2021,04a_NIAAA_Youth_Alcohol_Screening_Guide_2021.pdf,22,Children and adolescents ages 9 to 18 in primary care and other health settings,Primary care clinic; School health office,past year,The patient does not drink alcohol.
04-023a,04-023,04,NIAAA Youth Alcohol Screening Guide 2021,04a_NIAAA_Youth_Alcohol_Screening_Guide_2021.pdf,25,Children and adolescents ages 9 to 18 in primary care and other health settings,Primary care clinic; School health office,past year,The patient drinks and drives.
04-023b,04-023,04,NIAAA Youth Alcohol Screening Guide 2021,04a_NIAAA_Youth_Alcohol_Screening_Guide_2021.pdf,25,Children and adolescents ages 9 to 18 in primary care and other health settings,Primary care clinic; School health office,in this conversation,The patient drinks and drives and will not commit to stopping.
04-024a,04-024,04,NIAAA Youth Alcohol Screening Guide 2021,04a_NIAAA_Youth_Alcohol_Screening_Guide_2021.pdf,26,Children and adolescents ages 9 to 18 in primary care and other health settings,Primary care clinic; School health office,past year,"The patient drinks high, potentially lethal volumes of alcohol."
04-024b,04-024,04,NIAAA Youth Alcohol Screening Guide 2021,04a_NIAAA_Youth_Alcohol_Screening_Guide_2021.pdf,26,Children and adolescents ages 9 to 18 in primary care and other health settings,Primary care clinic; School health office,past year,The patient combines alcohol with other drugs.
04-024c,04-024,04,NIAAA Youth Alcohol Screening Guide 2021,04a_NIAAA_Youth_Alcohol_Screening_Guide_2021.pdf,26,Children and adolescents ages 9 to 18 in primary care and other health settings,Primary care clinic; School health office,past year,The patient's drinking has led to injury or other harm.
04-025,04-025,04,NIAAA Youth Alcohol Screening Guide 2021,04a_NIAAA_Youth_Alcohol_Screening_Guide_2021.pdf,26,Children and adolescents ages 9 to 18 in primary care and other health settings,Primary care clinic; School health office,in this conversation,The patient's drinking is at the NIAAA lower-risk level and the patient says 'I'm not going to stop'.
04-026a,04-026,04,NIAAA Youth Alcohol Screening Guide 2021,04a_NIAAA_Youth_Alcohol_Screening_Guide_2021.pdf,26,Children and adolescents ages 9 to 18 in primary care and other health settings,Primary care clinic; School health office,in this conversation,The patient's drinking is at the NIAAA moderate-risk level and the patient says 'I'm not going to stop'.
04-026b,04-026,04,NIAAA Youth Alcohol Screening Guide 2021,04a_NIAAA_Youth_Alcohol_Screening_Guide_2021.pdf,26,Children and adolescents ages 9 to 18 in primary care and other health settings,Primary care clinic; School health office,in this conversation,The patient's drinking is at the NIAAA highest-risk level and the patient says 'I'm not going to stop'.
04-027,04-027,04,NIAAA Youth Alcohol Screening Guide 2021,04a_NIAAA_Youth_Alcohol_Screening_Guide_2021.pdf,26,Children and adolescents ages 9 to 18 in primary care and other health settings,Primary care clinic; School health office,in this conversation,The patient's parents have alcohol-related problems and one parent appears to be an ally.
04-028,04-028,04,NIAAA Youth Alcohol Screening Guide 2021,04a_NIAAA_Youth_Alcohol_Screening_Guide_2021.pdf,26,Children and adolescents ages 9 to 18 in primary care and other health settings,Primary care clinic; School health office,in this conversation,Both of the patient's parents appear to be heavy drinkers or dependent on alcohol.
04-029,04-029,04,NIAAA Youth Alcohol Screening Guide 2021,04a_NIAAA_Youth_Alcohol_Screening_Guide_2021.pdf,27,Children and adolescents ages 9 to 18 in primary care and other health settings,Primary care clinic; School health office,in this conversation,The patient has refused the offer of help.
04-030,04-030,04,NIAAA Youth Alcohol Screening Guide 2021,04a_NIAAA_Youth_Alcohol_Screening_Guide_2021.pdf,27,Children and adolescents ages 9 to 18 in primary care and other health settings,Primary care clinic; School health office,in this conversation,The patient has relapsed.
04-031,04-031,04,NIAAA Youth Alcohol Screening Guide 2021,04a_NIAAA_Youth_Alcohol_Screening_Guide_2021.pdf,27,Children and adolescents ages 9 to 18 in primary care and other health settings,Primary care clinic; School health office,in this conversation,The patient objected to the initial referral.
04-033a,04-033,04,NIAAA Youth Alcohol Screening Guide 2021,04a_NIAAA_Youth_Alcohol_Screening_Guide_2021.pdf,27,Children and adolescents ages 9 to 18 in primary care and other health settings,Primary care clinic; School health office,in this conversation,The patient has depression.
04-033b,04-033,04,NIAAA Youth Alcohol Screening Guide 2021,04a_NIAAA_Youth_Alcohol_Screening_Guide_2021.pdf,27,Children and adolescents ages 9 to 18 in primary care and other health settings,Primary care clinic; School health office,in this conversation,The patient has an anxiety disorder.
04-033c,04-033,04,NIAAA Youth Alcohol Screening Guide 2021,04a_NIAAA_Youth_Alcohol_Screening_Guide_2021.pdf,27,Children and adolescents ages 9 to 18 in primary care and other health settings,Primary care clinic; School health office,in this conversation,The patient has conduct problems.
04-050,04-050,04,NIAAA Youth Alcohol Screening Guide 2021,04a_NIAAA_Youth_Alcohol_Screening_Guide_2021.pdf,31,Children and adolescents ages 9 to 18 in primary care and other health settings,Primary care clinic; School health office,in this conversation,The patient has begun drinking but is not in acute danger.
04-051,04-051,04,NIAAA Youth Alcohol Screening Guide 2021,04a_NIAAA_Youth_Alcohol_Screening_Guide_2021.pdf,31,Children and adolescents ages 9 to 18 in primary care and other health settings,Primary care clinic; School health office,in this conversation,The patient is an older adolescent who has committed to avoiding risky behaviors and asks that this be kept confidential.
04-052,04-052,04,NIAAA Youth Alcohol Screening Guide 2021,04a_NIAAA_Youth_Alcohol_Screening_Guide_2021.pdf,31,Children and adolescents ages 9 to 18 in primary care and other health settings,Primary care clinic; School health office,in this conversation,The patient refuses to commit to stopping or cutting back drinking.
04-053a,04-053,04,NIAAA Youth Alcohol Screening Guide 2021,04a_NIAAA_Youth_Alcohol_Screening_Guide_2021.pdf,31,Children and adolescents ages 9 to 18 in primary care and other health settings,Primary care clinic; School health office,in this conversation,"At a follow-up visit, the patient has not kept to the agreed plan."
04-053b,04-053,04,NIAAA Youth Alcohol Screening Guide 2021,04a_NIAAA_Youth_Alcohol_Screening_Guide_2021.pdf,31,Children and adolescents ages 9 to 18 in primary care and other health settings,Primary care clinic; School health office,in this conversation,"At a follow-up visit, the patient has escalated their drinking."
04-059,04-059,04,NIAAA Youth Alcohol Screening Guide 2021,04a_NIAAA_Youth_Alcohol_Screening_Guide_2021.pdf,32,Children and adolescents ages 9 to 18 in primary care and other health settings,Primary care clinic; School health office,past year,The patient is aged 9 to 11 and has used alcohol.
04-060,04-060,04,NIAAA Youth Alcohol Screening Guide 2021,04a_NIAAA_Youth_Alcohol_Screening_Guide_2021.pdf,32,Children and adolescents ages 9 to 18 in primary care and other health settings,Primary care clinic; School health office,past year,The patient is aged 9 to 11 and has some mild alcohol-related problems.
04-061a,04-061,04,NIAAA Youth Alcohol Screening Guide 2021,04a_NIAAA_Youth_Alcohol_Screening_Guide_2021.pdf,32,Children and adolescents ages 9 to 18 in primary care and other health settings,Primary care clinic; School health office,past year,The patient is aged 9 to 11 and has significant alcohol-related problems.
04-061b,04-061,04,NIAAA Youth Alcohol Screening Guide 2021,04a_NIAAA_Youth_Alcohol_Screening_Guide_2021.pdf,32,Children and adolescents ages 9 to 18 in primary care and other health settings,Primary care clinic; School health office,past year,The patient is aged 9 to 11 and has probable alcohol dependence.
04-062,04-062,04,NIAAA Youth Alcohol Screening Guide 2021,04a_NIAAA_Youth_Alcohol_Screening_Guide_2021.pdf,32,Children and adolescents ages 9 to 18 in primary care and other health settings,Primary care clinic; School health office,past year,The patient is aged 11 to 14 and has used alcohol.
04-063,04-063,04,NIAAA Youth Alcohol Screening Guide 2021,04a_NIAAA_Youth_Alcohol_Screening_Guide_2021.pdf,32,Children and adolescents ages 9 to 18 in primary care and other health settings,Primary care clinic; School health office,past year,The patient is aged 11 to 14 and has some mild alcohol-related problems.
04-064a,04-064,04,NIAAA Youth Alcohol Screening Guide 2021,04a_NIAAA_Youth_Alcohol_Screening_Guide_2021.pdf,32,Children and adolescents ages 9 to 18 in primary care and other health settings,Primary care clinic; School health office,past year,The patient is aged 11 to 14 and has significant alcohol-related problems.
04-064b,04-064,04,NIAAA Youth Alcohol Screening Guide 2021,04a_NIAAA_Youth_Alcohol_Screening_Guide_2021.pdf,32,Children and adolescents ages 9 to 18 in primary care and other health settings,Primary care clinic; School health office,past year,The patient is aged 11 to 14 and has probable alcohol dependence.
04-065,04-065,04,NIAAA Youth Alcohol Screening Guide 2021,04a_NIAAA_Youth_Alcohol_Screening_Guide_2021.pdf,32,Children and adolescents ages 9 to 18 in primary care and other health settings,Primary care clinic; School health office,past year,The patient is aged 14 to 18 and has used alcohol.
04-066,04-066,04,NIAAA Youth Alcohol Screening Guide 2021,04a_NIAAA_Youth_Alcohol_Screening_Guide_2021.pdf,32,Children and adolescents ages 9 to 18 in primary care and other health settings,Primary care clinic; School health office,past year,The patient is aged 14 to 18 and has some mild alcohol-related problems.
04-067a,04-067,04,NIAAA Youth Alcohol Screening Guide 2021,04a_NIAAA_Youth_Alcohol_Screening_Guide_2021.pdf,32,Children and adolescents ages 9 to 18 in primary care and other health settings,Primary care clinic; School health office,past year,The patient is aged 14 to 18 and has significant alcohol-related problems.
04-067b,04-067,04,NIAAA Youth Alcohol Screening Guide 2021,04a_NIAAA_Youth_Alcohol_Screening_Guide_2021.pdf,32,Children and adolescents ages 9 to 18 in primary care and other health settings,Primary care clinic; School health office,past year,The patient is aged 14 to 18 and has probable alcohol dependence.
04-074a,04-074,04,NIAAA Youth Alcohol Screening Guide 2021,04a_NIAAA_Youth_Alcohol_Screening_Guide_2021.pdf,35,Children and adolescents ages 9 to 18 in primary care and other health settings,Primary care clinic; School health office,in this conversation,The patient failed a 4 to 8 week abstinence challenge.
04-074b,04-074,04,NIAAA Youth Alcohol Screening Guide 2021,04a_NIAAA_Youth_Alcohol_Screening_Guide_2021.pdf,35,Children and adolescents ages 9 to 18 in primary care and other health settings,Primary care clinic; School health office,in this conversation,The patient found a 4 to 8 week abstinence challenge very stressful.
04-075,04-075,04,NIAAA Youth Alcohol Screening Guide 2021,04a_NIAAA_Youth_Alcohol_Screening_Guide_2021.pdf,35,Children and adolescents ages 9 to 18 in primary care and other health settings,Primary care clinic; School health office,in this conversation,The patient refuses to abstain from alcohol.
04-076,04-076,04,NIAAA Youth Alcohol Screening Guide 2021,04a_NIAAA_Youth_Alcohol_Screening_Guide_2021.pdf,35,Children and adolescents ages 9 to 18 in primary care and other health settings,Primary care clinic; School health office,in this conversation,The patient refuses even to cut back their drinking.
04-080b,04-080,04,NIAAA Youth Alcohol Screening Guide 2021,04a_NIAAA_Youth_Alcohol_Screening_Guide_2021.pdf,36,Children and adolescents ages 9 to 18 in primary care and other health settings,Primary care clinic; School health office,past 12 months,The patient's CRAFFT score is 4 or more.
04-096,04-096,04,NIAAA Youth Pocket Guide 2025,04b_NIAAA_Youth_Pocket_Guide_2025.pdf,1,Children and adolescents ages 9 to 18 in primary care and other health settings,Primary care clinic; School health office,in this conversation,The patient smokes cigarettes.
04-097,04-097,04,NIAAA Youth Pocket Guide 2025,04b_NIAAA_Youth_Pocket_Guide_2025.pdf,1,Children and adolescents ages 9 to 18 in primary care and other health settings,Primary care clinic; School health office,in this conversation,The patient has attention-deficit/hyperactivity disorder.
04-098,04-098,04,NIAAA Youth Pocket Guide 2025,04b_NIAAA_Youth_Pocket_Guide_2025.pdf,1,Children and adolescents ages 9 to 18 in primary care and other health settings,Primary care clinic; School health office,in this conversation,"The patient has a health problem that might be alcohol related, such as an accident or injury, a sexually transmitted infection or unintended pregnancy, changes in eating or sleeping, gastrointestinal disturbance, or chronic pain."
04-099,04-099,04,NIAAA Youth Pocket Guide 2025,04b_NIAAA_Youth_Pocket_Guide_2025.pdf,1,Children and adolescents ages 9 to 18 in primary care and other health settings,Primary care clinic; School health office,in this conversation,"The patient shows substantial behavioral change, such as increased oppositional behavior, significant mood changes, loss of interest in activities, a change of friends, a drop in grades, or many unexcused absences from school."
04-100,04-100,04,NIAAA Youth Pocket Guide 2025,04b_NIAAA_Youth_Pocket_Guide_2025.pdf,1,Children and adolescents ages 9 to 18 in primary care and other health settings,Primary care clinic; School health office,in this conversation,The patient is a boy aged 9 to 13 who has had 3 or more drinks on one occasion.
04-101,04-101,04,NIAAA Youth Pocket Guide 2025,04b_NIAAA_Youth_Pocket_Guide_2025.pdf,1,Children and adolescents ages 9 to 18 in primary care and other health settings,Primary care clinic; School health office,in this conversation,The patient is a boy aged 14 to 15 who has had 4 or more drinks on one occasion.
04-102,04-102,04,NIAAA Youth Pocket Guide 2025,04b_NIAAA_Youth_Pocket_Guide_2025.pdf,1,Children and adolescents ages 9 to 18 in primary care and other health settings,Primary care clinic; School health office,in this conversation,The patient is a boy aged 16 or older who has had 5 or more drinks on one occasion.
04-103,04-103,04,NIAAA Youth Pocket Guide 2025,04b_NIAAA_Youth_Pocket_Guide_2025.pdf,1,Children and adolescents ages 9 to 18 in primary care and other health settings,Primary care clinic; School health office,in this conversation,The patient is a girl aged 9 to 17 who has had 3 or more drinks on one occasion.
04-112,04-112,04,NIAAA Youth Pocket Guide 2025,04b_NIAAA_Youth_Pocket_Guide_2025.pdf,2,Children and adolescents ages 9 to 18 in primary care and other health settings,Primary care clinic; School health office,in this conversation,The patient is aged 9 to 11 and has friends who drink.
04-116,04-116,04,NIAAA Youth Pocket Guide 2025,04b_NIAAA_Youth_Pocket_Guide_2025.pdf,2,Children and adolescents ages 9 to 18 in primary care and other health settings,Primary care clinic; School health office,in this conversation,The patient is aged 11 to 14 and has friends who drink.
04-122,04-122,04,NIAAA Youth Pocket Guide 2025,04b_NIAAA_Youth_Pocket_Guide_2025.pdf,2,Children and adolescents ages 9 to 18 in primary care and other health settings,Primary care clinic; School health office,in this conversation,The patient is aged 14 to 18 and has friends who binge drink.
04-123,04-123,04,NIAAA Youth Pocket Guide 2025,04b_NIAAA_Youth_Pocket_Guide_2025.pdf,2,Children and adolescents ages 9 to 18 in primary care and other health settings,Primary care clinic; School health office,past year,Neither the patient nor the patient's friends drink.
04-124,04-124,04,NIAAA Youth Pocket Guide 2025,04b_NIAAA_Youth_Pocket_Guide_2025.pdf,2,Children and adolescents ages 9 to 18 in primary care and other health settings,Primary care clinic; School health office,past year,The patient does not drink but the patient's friends do.
04-125,04-125,04,NIAAA Youth Pocket Guide 2025,04b_NIAAA_Youth_Pocket_Guide_2025.pdf,2,Children and adolescents ages 9 to 18 in primary care and other health settings,Primary care clinic; School health office,in this conversation,"The patient first said they do not drink, then admitted to drinking."
04-134,04-134,04,NIAAA Youth Pocket Guide 2025,04b_NIAAA_Youth_Pocket_Guide_2025.pdf,2,Children and adolescents ages 9 to 18 in primary care and other health settings,Primary care clinic; School health office,past year,The patient is aged 11 or younger and drank alcohol on at least one day in the past year.
04-135,04-135,04,NIAAA Youth Pocket Guide 2025,04b_NIAAA_Youth_Pocket_Guide_2025.pdf,2,Children and adolescents ages 9 to 18 in primary care and other health settings,Primary care clinic; School health office,past year,The patient is aged 12 to 15 and drank alcohol on 1 to 5 days in the past year.
04-136,04-136,04,NIAAA Youth Pocket Guide 2025,04b_NIAAA_Youth_Pocket_Guide_2025.pdf,2,Children and adolescents ages 9 to 18 in primary care and other health settings,Primary care clinic; School health office,past year,The patient is aged 12 to 15 and drank alcohol on 6 or more days in the past year.
04-137,04-137,04,NIAAA Youth Pocket Guide 2025,04b_NIAAA_Youth_Pocket_Guide_2025.pdf,2,Children and adolescents ages 9 to 18 in primary care and other health settings,Primary care clinic; School health office,past year,The patient is aged 16 and drank alcohol on 1 to 5 days in the past year.
04-138,04-138,04,NIAAA Youth Pocket Guide 2025,04b_NIAAA_Youth_Pocket_Guide_2025.pdf,2,Children and adolescents ages 9 to 18 in primary care and other health settings,Primary care clinic; School health office,past year,The patient is aged 16 and drank alcohol on 6 to 11 days in the past year.
04-139,04-139,04,NIAAA Youth Pocket Guide 2025,04b_NIAAA_Youth_Pocket_Guide_2025.pdf,2,Children and adolescents ages 9 to 18 in primary care and other health settings,Primary care clinic; School health office,past year,The patient is aged 16 and drank alcohol on 12 or more days in the past year.
04-140,04-140,04,NIAAA Youth Pocket Guide 2025,04b_NIAAA_Youth_Pocket_Guide_2025.pdf,2,Children and adolescents ages 9 to 18 in primary care and other health settings,Primary care clinic; School health office,past year,The patient is aged 17 and drank alcohol on 1 to 5 days in the past year.
04-141,04-141,04,NIAAA Youth Pocket Guide 2025,04b_NIAAA_Youth_Pocket_Guide_2025.pdf,2,Children and adolescents ages 9 to 18 in primary care and other health settings,Primary care clinic; School health office,past year,The patient is aged 17 and drank alcohol on 6 to 23 days in the past year.
04-142,04-142,04,NIAAA Youth Pocket Guide 2025,04b_NIAAA_Youth_Pocket_Guide_2025.pdf,2,Children and adolescents ages 9 to 18 in primary care and other health settings,Primary care clinic; School health office,past year,The patient is aged 17 and drank alcohol on 24 or more days in the past year.
04-143,04-143,04,NIAAA Youth Pocket Guide 2025,04b_NIAAA_Youth_Pocket_Guide_2025.pdf,2,Children and adolescents ages 9 to 18 in primary care and other health settings,Primary care clinic; School health office,past year,The patient is aged 18 and drank alcohol on 1 to 11 days in the past year.
04-144,04-144,04,NIAAA Youth Pocket Guide 2025,04b_NIAAA_Youth_Pocket_Guide_2025.pdf,2,Children and adolescents ages 9 to 18 in primary care and other health settings,Primary care clinic; School health office,past year,The patient is aged 18 and drank alcohol on 12 to 51 days in the past year.
04-145,04-145,04,NIAAA Youth Pocket Guide 2025,04b_NIAAA_Youth_Pocket_Guide_2025.pdf,2,Children and adolescents ages 9 to 18 in primary care and other health settings,Primary care clinic; School health office,past year,The patient is aged 18 and drank alcohol on 52 or more days in the past year.
04-158a,04-158,04,NIAAA Youth Pocket Guide 2025,04b_NIAAA_Youth_Pocket_Guide_2025.pdf,2,Children and adolescents ages 9 to 18 in primary care and other health settings,Primary care clinic; School health office,in this conversation,The patient's drinking is at the NIAAA moderate-risk level and the patient has alcohol-related problems.
04-158b,04-158,04,NIAAA Youth Pocket Guide 2025,04b_NIAAA_Youth_Pocket_Guide_2025.pdf,2,Children and adolescents ages 9 to 18 in primary care and other health settings,Primary care clinic; School health office,in this conversation,The patient's drinking is at the NIAAA moderate-risk level and the patient has no alcohol-related problems.
04-164,04-164,04,NIAAA Youth Pocket Guide 2025,04b_NIAAA_Youth_Pocket_Guide_2025.pdf,2,Children and adolescents ages 9 to 18 in primary care and other health settings,Primary care clinic; School health office,past year,The patient binge drinks.
04-170,04-170,04,NIAAA Youth Pocket Guide 2025,04b_NIAAA_Youth_Pocket_Guide_2025.pdf,2,Children and adolescents ages 9 to 18 in primary care and other health settings,Primary care clinic; School health office,in this conversation,The patient was not able to meet or sustain their drinking goals.
04-178,04-178,04,NIAAA Youth Pocket Guide 2025,04b_NIAAA_Youth_Pocket_Guide_2025.pdf,2,Children and adolescents ages 9 to 18 in primary care and other health settings,Primary care clinic; School health office,in this conversation,The patient met and sustained their drinking goals.
05-001,05-001,05,Horowitz 2012 ASQ development,05a_Horowitz_2012_ASQ_development.pdf,2,Youth and adults; developed in emergency-department patients aged 10 to 21; the current tool is labelled for youth and adults with separate rules for under 25 and for adults,Emergency department,in this conversation,The patient has severe depression.
05-006a,05-006,05,NIMH ASQ screening tool rev2025,05b_NIMH_ASQ_screening_tool_rev2025.pdf,1,Youth and adults; developed in emergency-department patients aged 10 to 21; the current tool is labelled for youth and adults with separate rules for under 25 and for adults,Emergency department; Inpatient psychiatric unit; Outpatient mental health clinic,past few weeks,"In the past few weeks, the patient has wished they were dead."
05-006b,05-006,05,NIMH ASQ screening tool rev2025,05b_NIMH_ASQ_screening_tool_rev2025.pdf,1,Youth and adults; developed in emergency-department patients aged 10 to 21; the current tool is labelled for youth and adults with separate rules for under 25 and for adults,Emergency department; Inpatient psychiatric unit; Outpatient mental health clinic,past few weeks,"In the past few weeks, the patient has felt that they or their family would be better off if they were dead."
05-006c,05-006,05,NIMH ASQ screening tool rev2025,05b_NIMH_ASQ_screening_tool_rev2025.pdf,1,Youth and adults; developed in emergency-department patients aged 10 to 21; the current tool is labelled for youth and adults with separate rules for under 25 and for adults,Emergency department; Inpatient psychiatric unit; Outpatient mental health clinic,past week,"In the past week, the patient has had thoughts about killing themselves."
05-006d,05-006,05,NIMH ASQ screening tool rev2025,05b_NIMH_ASQ_screening_tool_rev2025.pdf,1,Youth and adults; developed in emergency-department patients aged 10 to 21; the current tool is labelled for youth and adults with separate rules for under 25 and for adults,Emergency department; Inpatient psychiatric unit; Outpatient mental health clinic,lifetime,The patient has ever tried to kill themselves.
05-007,05-007,05,NIMH ASQ screening tool rev2025,05b_NIMH_ASQ_screening_tool_rev2025.pdf,1,Youth and adults; developed in emergency-department patients aged 10 to 21; the current tool is labelled for youth and adults with separate rules for under 25 and for adults,Emergency department; Inpatient psychiatric unit; Outpatient mental health clinic,in this conversation,The patient answered no to all four ASQ questions (wished dead; self or family better off dead; thoughts of killing themselves in the past week; ever tried to kill themselves).
05-009,05-009,05,NIMH ASQ screening tool rev2025,05b_NIMH_ASQ_screening_tool_rev2025.pdf,1,Youth and adults; developed in emergency-department patients aged 10 to 21; the current tool is labelled for youth and adults with separate rules for under 25 and for adults,Emergency department; Inpatient psychiatric unit; Outpatient mental health clinic,right now,The patient answered yes to at least one of the four ASQ questions and says they are having thoughts of killing themselves right now.
05-013,05-013,05,NIMH ASQ screening tool rev2025,05b_NIMH_ASQ_screening_tool_rev2025.pdf,1,Youth and adults; developed in emergency-department patients aged 10 to 21; the current tool is labelled for youth and adults with separate rules for under 25 and for adults,Emergency department; Inpatient psychiatric unit; Outpatient mental health clinic,right now,The patient answered yes to at least one of the four ASQ questions and says they are not having thoughts of killing themselves right now.
05-015,05-015,05,NIMH ASQ screening tool rev2025,05b_NIMH_ASQ_screening_tool_rev2025.pdf,1,Youth and adults; developed in emergency-department patients aged 10 to 21; the current tool is labelled for youth and adults with separate rules for under 25 and for adults,Emergency department; Inpatient psychiatric unit; Outpatient mental health clinic,lifetime,"The patient is an adult whose only positive ASQ answer is a past suicide attempt, and the most recent attempt was more than one year ago."
05-016,05-016,05,NIMH ASQ screening tool rev2025,05b_NIMH_ASQ_screening_tool_rev2025.pdf,1,Youth and adults; developed in emergency-department patients aged 10 to 21; the current tool is labelled for youth and adults with separate rules for under 25 and for adults,Emergency department; Inpatient psychiatric unit; Outpatient mental health clinic,lifetime,"The patient is under 25, their only positive ASQ answer is a past suicide attempt more than one year ago, and a brief suicide safety assessment has been documented since that attempt."
05-018a,05-018,05,NIMH ASQ screening tool rev2025,05b_NIMH_ASQ_screening_tool_rev2025.pdf,1,Youth and adults; developed in emergency-department patients aged 10 to 21; the current tool is labelled for youth and adults with separate rules for under 25 and for adults,Emergency department; Inpatient psychiatric unit; Outpatient mental health clinic,in this conversation,The patient is an adult who refuses the brief suicide safety assessment.
05-018b,05-018,05,NIMH ASQ screening tool rev2025,05b_NIMH_ASQ_screening_tool_rev2025.pdf,1,Youth and adults; developed in emergency-department patients aged 10 to 21; the current tool is labelled for youth and adults with separate rules for under 25 and for adults,Emergency department; Inpatient psychiatric unit; Outpatient mental health clinic,in this conversation,The parent or guardian of a youth patient refuses the brief suicide safety assessment.
05-020,05-020,05,NIMH ASQ screening tool rev2025,05b_NIMH_ASQ_screening_tool_rev2025.pdf,1,Youth and adults; developed in emergency-department patients aged 10 to 21; the current tool is labelled for youth and adults with separate rules for under 25 and for adults,Emergency department; Inpatient psychiatric unit; Outpatient mental health clinic,in this conversation,The patient is a youth who refuses to answer the suicide screening questions.
05-021,05-021,05,NIMH ASQ screening tool rev2025,05b_NIMH_ASQ_screening_tool_rev2025.pdf,1,Youth and adults; developed in emergency-department patients aged 10 to 21; the current tool is labelled for youth and adults with separate rules for under 25 and for adults,Emergency department; Inpatient psychiatric unit; Outpatient mental health clinic,in this conversation,The patient is an adult who refuses to answer the suicide screening questions.
05-031,05-031,05,NIMH ASQ BSSA worksheet outpatient youth,05c_NIMH_ASQ_BSSA_worksheet_youth_outpatient.pdf,1,Youth and adults; developed in emergency-department patients aged 10 to 21; the current tool is labelled for youth and adults with separate rules for under 25 and for adults,Outpatient mental health clinic,right now,The patient says they are having thoughts of killing themselves right now.
05-033a,05-033,05,NIMH ASQ BSSA worksheet outpatient youth,05c_NIMH_ASQ_BSSA_worksheet_youth_outpatient.pdf,1,Youth and adults; developed in emergency-department patients aged 10 to 21; the current tool is labelled for youth and adults with separate rules for under 25 and for adults,Outpatient mental health clinic,in this conversation,The patient has a very detailed suicide plan.
05-033b,05-033,05,NIMH ASQ BSSA worksheet outpatient youth,05c_NIMH_ASQ_BSSA_worksheet_youth_outpatient.pdf,1,Youth and adults; developed in emergency-department patients aged 10 to 21; the current tool is labelled for youth and adults with separate rules for under 25 and for adults,Outpatient mental health clinic,in this conversation,"The patient's suicide plan is feasible (for example, planning to use pills and having access to pills)."
05-071a,05-071,05,NIMH ASQ BSSA worksheet outpatient youth,05c_NIMH_ASQ_BSSA_worksheet_youth_outpatient.pdf,3,Youth and adults; developed in emergency-department patients aged 10 to 21; the current tool is labelled for youth and adults with separate rules for under 25 and for adults,Outpatient mental health clinic,in this conversation,"The patient says yes, they need help to keep themselves safe."
05-071b,05-071,05,NIMH ASQ BSSA worksheet outpatient youth,05c_NIMH_ASQ_BSSA_worksheet_youth_outpatient.pdf,3,Youth and adults; developed in emergency-department patients aged 10 to 21; the current tool is labelled for youth and adults with separate rules for under 25 and for adults,Outpatient mental health clinic,in this conversation,"The patient says no, they do not need help to keep themselves safe."
07-015,07-015,07,Kelly 2014 BSTAD Pediatrics,07a_Kelly_2014_BSTAD_Pediatrics_PMC_fulltext.pdf,12,Adolescents aged 12 to 17 in primary care,Primary care clinic,past year,The patient used tobacco on 6 or more days in the past year.
07-016,07-016,07,Kelly 2014 BSTAD Pediatrics,07a_Kelly_2014_BSTAD_Pediatrics_PMC_fulltext.pdf,12,Adolescents aged 12 to 17 in primary care,Primary care clinic,past year,The patient drank alcohol on 2 or more days in the past year.
07-017,07-017,07,Kelly 2014 BSTAD Pediatrics,07a_Kelly_2014_BSTAD_Pediatrics_PMC_fulltext.pdf,12,Adolescents aged 12 to 17 in primary care,Primary care clinic,past year,The patient used marijuana on 2 or more days in the past year.
07-020,07-020,07,Levy 2023 S2BI BSTAD TAPS JAMA Network Open,07b_Levy_2023_S2BI_BSTAD_TAPS_JAMANetwOpen_PMC_fulltext.pdf,17,Adolescents aged 12 to 17 in primary care,Primary care clinic,past year,The patient used tobacco or nicotine monthly or more often in the past year.
07-021,07-021,07,Levy 2023 S2BI BSTAD TAPS JAMA Network Open,07b_Levy_2023_S2BI_BSTAD_TAPS_JAMANetwOpen_PMC_fulltext.pdf,17,Adolescents aged 12 to 17 in primary care,Primary care clinic,past year,The patient drank alcohol monthly or more often in the past year.
07-022,07-022,07,Levy 2023 S2BI BSTAD TAPS JAMA Network Open,07b_Levy_2023_S2BI_BSTAD_TAPS_JAMANetwOpen_PMC_fulltext.pdf,17,Adolescents aged 12 to 17 in primary care,Primary care clinic,past year,The patient used cannabis monthly or more often in the past year.
07-026,07-026,07,Levy 2023 S2BI BSTAD TAPS JAMA Network Open,07b_Levy_2023_S2BI_BSTAD_TAPS_JAMANetwOpen_PMC_fulltext.pdf,18,Adolescents aged 12 to 17 in primary care,Primary care clinic,past year,The patient's TAPS score for tobacco or nicotine is 2 or more.
07-027,07-027,07,Levy 2023 S2BI BSTAD TAPS JAMA Network Open,07b_Levy_2023_S2BI_BSTAD_TAPS_JAMANetwOpen_PMC_fulltext.pdf,18,Adolescents aged 12 to 17 in primary care,Primary care clinic,past year,The patient's TAPS score for alcohol is 2 or more.
07-028,07-028,07,Levy 2023 S2BI BSTAD TAPS JAMA Network Open,07b_Levy_2023_S2BI_BSTAD_TAPS_JAMANetwOpen_PMC_fulltext.pdf,18,Adolescents aged 12 to 17 in primary care,Primary care clinic,past year,The patient's TAPS score for cannabis is 2 or more.
08-002,08-002,08,Levy 2014 S2BI JAMA Pediatrics,08_Levy_2014_S2BI_JAMAPediatrics_PMC_fulltext.pdf,5,Adolescents aged 12 to 17 in primary care,Primary care clinic,in this conversation,The patient has used tobacco one or more times per day for 2 or more weeks.
08-012,08-012,08,Levy 2014 S2BI JAMA Pediatrics,08_Levy_2014_S2BI_JAMAPediatrics_PMC_fulltext.pdf,6,Adolescents aged 12 to 17 in primary care,Primary care clinic,past year,The patient has had a binge-sized number of drinks for their age and sex on one occasion on 3 or more days in the past year.
08-013a,08-013,08,Levy 2014 S2BI JAMA Pediatrics,08_Levy_2014_S2BI_JAMAPediatrics_PMC_fulltext.pdf,6,Adolescents aged 12 to 17 in primary care,Primary care clinic,past year,The patient has had an alcoholic blackout (a period they could not remember because of drinking).
08-013b,08-013,08,Levy 2014 S2BI JAMA Pediatrics,08_Levy_2014_S2BI_JAMAPediatrics_PMC_fulltext.pdf,6,Adolescents aged 12 to 17 in primary care,Primary care clinic,past year,The patient has passed out from drinking.
08-013c,08-013,08,Levy 2014 S2BI JAMA Pediatrics,08_Levy_2014_S2BI_JAMAPediatrics_PMC_fulltext.pdf,6,Adolescents aged 12 to 17 in primary care,Primary care clinic,past year,The patient has had an emergency department visit because of substance use.
08-014,08-014,08,Levy 2014 S2BI JAMA Pediatrics,08_Levy_2014_S2BI_JAMAPediatrics_PMC_fulltext.pdf,6,Adolescents aged 12 to 17 in primary care,Primary care clinic,past year,The patient has had 10 or more drinks on one occasion.
08-015,08-015,08,Levy 2014 S2BI JAMA Pediatrics,08_Levy_2014_S2BI_JAMAPediatrics_PMC_fulltext.pdf,6,Adolescents aged 12 to 17 in primary care,Primary care clinic,past year,"The patient has combined alcohol with sedatives, benzodiazepines, opiates, or a prescription pain medication."
08-016,08-016,08,Levy 2014 S2BI JAMA Pediatrics,08_Levy_2014_S2BI_JAMAPediatrics_PMC_fulltext.pdf,6,Adolescents aged 12 to 17 in primary care,Primary care clinic,in this conversation,The patient has used alcohol on 5 or more days per week for 2 or more weeks.
08-017,08-017,08,Levy 2014 S2BI JAMA Pediatrics,08_Levy_2014_S2BI_JAMAPediatrics_PMC_fulltext.pdf,6,Adolescents aged 12 to 17 in primary care,Primary care clinic,in this conversation,The patient has used marijuana one or more times per day for 2 or more weeks.
08-019a,08-019,08,Levy 2014 S2BI JAMA Pediatrics,08_Levy_2014_S2BI_JAMAPediatrics_PMC_fulltext.pdf,6,Adolescents aged 12 to 17 in primary care,Primary care clinic,past 30 days,"In the past 30 days, the patient has used prescription medication not prescribed for them."
08-019b,08-019,08,Levy 2014 S2BI JAMA Pediatrics,08_Levy_2014_S2BI_JAMAPediatrics_PMC_fulltext.pdf,6,Adolescents aged 12 to 17 in primary care,Primary care clinic,past 30 days,"In the past 30 days, the patient has used over-the-counter medication for a non-medical purpose."
08-019c,08-019,08,Levy 2014 S2BI JAMA Pediatrics,08_Levy_2014_S2BI_JAMAPediatrics_PMC_fulltext.pdf,6,Adolescents aged 12 to 17 in primary care,Primary care clinic,past 30 days,"In the past 30 days, the patient has used inhalants."
08-019d,08-019,08,Levy 2014 S2BI JAMA Pediatrics,08_Levy_2014_S2BI_JAMAPediatrics_PMC_fulltext.pdf,6,Adolescents aged 12 to 17 in primary care,Primary care clinic,past 30 days,"In the past 30 days, the patient has used herbal supplements."
08-019e,08-019,08,Levy 2014 S2BI JAMA Pediatrics,08_Levy_2014_S2BI_JAMAPediatrics_PMC_fulltext.pdf,6,Adolescents aged 12 to 17 in primary care,Primary care clinic,past 30 days,"In the past 30 days, the patient has used synthetic drugs."
08-021,08-021,08,Levy 2014 S2BI JAMA Pediatrics,08_Levy_2014_S2BI_JAMAPediatrics_PMC_fulltext.pdf,8,Adolescents aged 12 to 17 in primary care,Primary care clinic,past year,The patient's highest past-year frequency of use for any substance is 'once or twice'.
08-022,08-022,08,Levy 2014 S2BI JAMA Pediatrics,08_Levy_2014_S2BI_JAMAPediatrics_PMC_fulltext.pdf,8,Adolescents aged 12 to 17 in primary care,Primary care clinic,past year,The patient's highest past-year frequency of use for any substance is 'monthly'.
08-023,08-023,08,Levy 2014 S2BI JAMA Pediatrics,08_Levy_2014_S2BI_JAMAPediatrics_PMC_fulltext.pdf,8,Adolescents aged 12 to 17 in primary care,Primary care clinic,past year,The patient's highest past-year frequency of use for any substance is 'weekly' or more.
08-024,08-024,08,Levy 2014 S2BI JAMA Pediatrics,08_Levy_2014_S2BI_JAMAPediatrics_PMC_fulltext.pdf,8,Adolescents aged 12 to 17 in primary care,Primary care clinic,past year,"The patient has used a substance in the past year, answered no to all five RAFFT questions, and answered no to the other assessment questions."
08-025,08-025,08,Levy 2014 S2BI JAMA Pediatrics,08_Levy_2014_S2BI_JAMAPediatrics_PMC_fulltext.pdf,8,Adolescents aged 12 to 17 in primary care,Primary care clinic,past year,"The patient has used a substance in the past year, answered yes to 2 or more RAFFT questions, and answered no to the other assessment questions."
08-026,08-026,08,Levy 2014 S2BI JAMA Pediatrics,08_Levy_2014_S2BI_JAMAPediatrics_PMC_fulltext.pdf,8,Adolescents aged 12 to 17 in primary care,Primary care clinic,past year,"The patient has used a substance in the past year, answered yes to 2 or more RAFFT questions, and answered yes to at least one of the other assessment questions."
09-003a,09-003,09,AAP clinical report 2016 (Levy & Williams),09_AAP_2016_clinical_report_Levy_Williams_Pediatrics.pdf,3,Adolescents seen by pediatricians; screening from age 9; the BSTAD cut-offs quoted for 12 to 17,Primary care clinic,in this conversation,The patient is at imminent risk of harm to themselves.
09-003b,09-003,09,AAP clinical report 2016 (Levy & Williams),09_AAP_2016_clinical_report_Levy_Williams_Pediatrics.pdf,3,Adolescents seen by pediatricians; screening from age 9; the BSTAD cut-offs quoted for 12 to 17,Primary care clinic,in this conversation,The patient is at imminent risk of harming someone else.
09-009,09-009,09,AAP clinical report 2016 (Levy & Williams),09_AAP_2016_clinical_report_Levy_Williams_Pediatrics.pdf,4,Adolescents seen by pediatricians; screening from age 9; the BSTAD cut-offs quoted for 12 to 17,Primary care clinic,lifetime,The patient has never used drugs or alcohol beyond a few sips.
09-010,09-010,09,AAP clinical report 2016 (Levy & Williams),09_AAP_2016_clinical_report_Levy_Williams_Pediatrics.pdf,4,Adolescents seen by pediatricians; screening from age 9; the BSTAD cut-offs quoted for 12 to 17,Primary care clinic,past year,"The patient has limited substance use, generally in social situations, without related problems."
09-011a,09-011,09,AAP clinical report 2016 (Levy & Williams),09_AAP_2016_clinical_report_Levy_Williams_Pediatrics.pdf,4,Adolescents seen by pediatricians; screening from age 9; the BSTAD cut-offs quoted for 12 to 17,Primary care clinic,past year,The patient uses substances in high-risk situations (such as when driving or with strangers).
09-011b,09-011,09,AAP clinical report 2016 (Levy & Williams),09_AAP_2016_clinical_report_Levy_Williams_Pediatrics.pdf,4,Adolescents seen by pediatricians; screening from age 9; the BSTAD cut-offs quoted for 12 to 17,Primary care clinic,past year,"The patient's substance use has been associated with a problem (a fight, an arrest, a school suspension)."
09-011c,09-011,09,AAP clinical report 2016 (Levy & Williams),09_AAP_2016_clinical_report_Levy_Williams_Pediatrics.pdf,4,Adolescents seen by pediatricians; screening from age 9; the BSTAD cut-offs quoted for 12 to 17,Primary care clinic,past year,The patient meets 2 to 5 of the 11 DSM-5 criteria for a substance use disorder.
09-012a,09-012,09,AAP clinical report 2016 (Levy & Williams),09_AAP_2016_clinical_report_Levy_Williams_Pediatrics.pdf,4,Adolescents seen by pediatricians; screening from age 9; the BSTAD cut-offs quoted for 12 to 17,Primary care clinic,past year,The patient has lost control over their drug use.
09-012b,09-012,09,AAP clinical report 2016 (Levy & Williams),09_AAP_2016_clinical_report_Levy_Williams_Pediatrics.pdf,4,Adolescents seen by pediatricians; screening from age 9; the BSTAD cut-offs quoted for 12 to 17,Primary care clinic,past year,The patient uses drugs compulsively.
09-012c,09-012,09,AAP clinical report 2016 (Levy & Williams),09_AAP_2016_clinical_report_Levy_Williams_Pediatrics.pdf,4,Adolescents seen by pediatricians; screening from age 9; the BSTAD cut-offs quoted for 12 to 17,Primary care clinic,past year,The patient meets 6 or more of the 11 DSM-5 criteria for a substance use disorder.
09-027,09-027,09,AAP clinical report 2016 (Levy & Williams),09_AAP_2016_clinical_report_Levy_Williams_Pediatrics.pdf,6,Adolescents seen by pediatricians; screening from age 9; the BSTAD cut-offs quoted for 12 to 17,Primary care clinic,lifetime,The patient says they have gotten into trouble while using alcohol or drugs.
09-030a,09-030,09,AAP clinical report 2016 (Levy & Williams),09_AAP_2016_clinical_report_Levy_Williams_Pediatrics.pdf,7,Adolescents seen by pediatricians; screening from age 9; the BSTAD cut-offs quoted for 12 to 17,Primary care clinic,past year,The patient meets 0 or 1 of the 11 DSM-5 criteria for a substance use disorder.
09-030b,09-030,09,AAP clinical report 2016 (Levy & Williams),09_AAP_2016_clinical_report_Levy_Williams_Pediatrics.pdf,7,Adolescents seen by pediatricians; screening from age 9; the BSTAD cut-offs quoted for 12 to 17,Primary care clinic,past year,The patient meets 2 or 3 of the 11 DSM-5 criteria for a substance use disorder.
09-030c,09-030,09,AAP clinical report 2016 (Levy & Williams),09_AAP_2016_clinical_report_Levy_Williams_Pediatrics.pdf,7,Adolescents seen by pediatricians; screening from age 9; the BSTAD cut-offs quoted for 12 to 17,Primary care clinic,past year,The patient meets 4 or 5 of the 11 DSM-5 criteria for a substance use disorder.
09-032,09-032,09,AAP clinical report 2016 (Levy & Williams),09_AAP_2016_clinical_report_Levy_Williams_Pediatrics.pdf,7,Adolescents seen by pediatricians; screening from age 9; the BSTAD cut-offs quoted for 12 to 17,Primary care clinic,in this conversation,The patient has met the agreed substance use behavior change goals.
09-033,09-033,09,AAP clinical report 2016 (Levy & Williams),09_AAP_2016_clinical_report_Levy_Williams_Pediatrics.pdf,7,Adolescents seen by pediatricians; screening from age 9; the BSTAD cut-offs quoted for 12 to 17,Primary care clinic,in this conversation,The patient has been unable to meet the agreed substance use behavior change goals.
09-035,09-035,09,AAP clinical report 2016 (Levy & Williams),09_AAP_2016_clinical_report_Levy_Williams_Pediatrics.pdf,8,Adolescents seen by pediatricians; screening from age 9; the BSTAD cut-offs quoted for 12 to 17,Primary care clinic,past year,"The patient reports no use of tobacco, alcohol, or marijuana in the past year."
09-040,09-040,09,AAP clinical report 2016 (Levy & Williams),09_AAP_2016_clinical_report_Levy_Williams_Pediatrics.pdf,8,Adolescents seen by pediatricians; screening from age 9; the BSTAD cut-offs quoted for 12 to 17,Primary care clinic,in this conversation,The patient has psychiatric symptoms alongside substance use.
09-042,09-042,09,AAP clinical report 2016 (Levy & Williams),09_AAP_2016_clinical_report_Levy_Williams_Pediatrics.pdf,8,Adolescents seen by pediatricians; screening from age 9; the BSTAD cut-offs quoted for 12 to 17,Primary care clinic,in this conversation,The patient's pattern of substance use makes addiction likely.
09-047,09-047,09,AAP clinical report 2016 (Levy & Williams),09_AAP_2016_clinical_report_Levy_Williams_Pediatrics.pdf,9,Adolescents seen by pediatricians; screening from age 9; the BSTAD cut-offs quoted for 12 to 17,Primary care clinic,in this conversation,The patient's parents report that the patient is talking about self-harm.
09-048,09-048,09,AAP clinical report 2016 (Levy & Williams),09_AAP_2016_clinical_report_Levy_Williams_Pediatrics.pdf,9,Adolescents seen by pediatricians; screening from age 9; the BSTAD cut-offs quoted for 12 to 17,Primary care clinic,right now,The patient's parents report that the patient has an altered mental status.
09-049a,09-049,09,AAP clinical report 2016 (Levy & Williams),09_AAP_2016_clinical_report_Levy_Williams_Pediatrics.pdf,9,Adolescents seen by pediatricians; screening from age 9; the BSTAD cut-offs quoted for 12 to 17,Primary care clinic,in this conversation,The patient will not accept the parents' rules.
09-049b,09-049,09,AAP clinical report 2016 (Levy & Williams),09_AAP_2016_clinical_report_Levy_Williams_Pediatrics.pdf,9,Adolescents seen by pediatricians; screening from age 9; the BSTAD cut-offs quoted for 12 to 17,Primary care clinic,in this conversation,The patient has become violent or threatening.
09-050,09-050,09,AAP clinical report 2016 (Levy & Williams),09_AAP_2016_clinical_report_Levy_Williams_Pediatrics.pdf,9,Adolescents seen by pediatricians; screening from age 9; the BSTAD cut-offs quoted for 12 to 17,Primary care clinic,in this conversation,Substance use screening suggests the patient may be at risk of imminent harm.
09-051a,09-051,09,AAP clinical report 2016 (Levy & Williams),09_AAP_2016_clinical_report_Levy_Williams_Pediatrics.pdf,9,Adolescents seen by pediatricians; screening from age 9; the BSTAD cut-offs quoted for 12 to 17,Primary care clinic,in this conversation,The patient injects drugs.
09-051b,09-051,09,AAP clinical report 2016 (Levy & Williams),09_AAP_2016_clinical_report_Levy_Williams_Pediatrics.pdf,9,Adolescents seen by pediatricians; screening from age 9; the BSTAD cut-offs quoted for 12 to 17,Primary care clinic,right now,The patient has drug withdrawal symptoms.
09-051c,09-051,09,AAP clinical report 2016 (Levy & Williams),09_AAP_2016_clinical_report_Levy_Williams_Pediatrics.pdf,9,Adolescents seen by pediatricians; screening from age 9; the BSTAD cut-offs quoted for 12 to 17,Primary care clinic,in this conversation,The patient is actively using substances and has had a past drug-related emergency department visit or medically serious event.
09-052a,09-052,09,AAP clinical report 2016 (Levy & Williams),09_AAP_2016_clinical_report_Levy_Williams_Pediatrics.pdf,9,Adolescents seen by pediatricians; screening from age 9; the BSTAD cut-offs quoted for 12 to 17,Primary care clinic,in this conversation,"The patient uses different sedatives together (alcohol, benzodiazepines, barbiturates, opioids)."
09-052b,09-052,09,AAP clinical report 2016 (Levy & Williams),09_AAP_2016_clinical_report_Levy_Williams_Pediatrics.pdf,9,Adolescents seen by pediatricians; screening from age 9; the BSTAD cut-offs quoted for 12 to 17,Primary care clinic,in this conversation,The patient binge drinks frequently or excessively.
09-056,09-056,09,AAP clinical report 2016 (Levy & Williams),09_AAP_2016_clinical_report_Levy_Williams_Pediatrics.pdf,10,Adolescents seen by pediatricians; screening from age 9; the BSTAD cut-offs quoted for 12 to 17,Primary care clinic,in this conversation,The patient has a substance use disorder.
10-006a,10-006,10,CRAFFT 2.1 Clinician Interview (2021),10a_CRAFFT_2.1_Clinician_Interview_2021.pdf,1,Adolescents and young adults; the form states no age. Validation samples: 12 to 17 (Mitchell 2014; Shenoi 2019); the CRAFFT is published for ages 12 to 21,Primary care clinic,past 12 months,"The patient reports 0 days of alcohol, marijuana, or other drug use in the past 12 months."
10-006b,10-006,10,CRAFFT 2.1 Clinician Interview (2021),10a_CRAFFT_2.1_Clinician_Interview_2021.pdf,1,Adolescents and young adults; the form states no age. Validation samples: 12 to 17 (Mitchell 2014; Shenoi 2019); the CRAFFT is published for ages 12 to 21,Primary care clinic,lifetime,The patient has ridden in a car driven by someone (including themselves) who was high or had been using alcohol or drugs.
10-007,10-007,10,CRAFFT 2.1 Clinician Interview (2021),10a_CRAFFT_2.1_Clinician_Interview_2021.pdf,1,Adolescents and young adults; the form states no age. Validation samples: 12 to 17 (Mitchell 2014; Shenoi 2019); the CRAFFT is published for ages 12 to 21,Primary care clinic,past 12 months,"The patient reports at least one day of use of alcohol, marijuana, or anything else to get high in the past 12 months."
10-014,10-014,10,CRAFFT 2.1 Clinician Interview (2021),10a_CRAFFT_2.1_Clinician_Interview_2021.pdf,1,Adolescents and young adults; the form states no age. Validation samples: 12 to 17 (Mitchell 2014; Shenoi 2019); the CRAFFT is published for ages 12 to 21,Primary care clinic,past 12 months,"The patient answered yes to two or more of the six CRAFFT questions (Car, Relax, Alone, Forget, Family or friends, Trouble)."
12-006,12-006,12,APA Health Advisory on the Use of Generative AI Chatbots and Wellness Applications for Mental Health (November 2025),12_APA_Health_Advisory_GenAI_chatbots_Nov2025.pdf,5,"Users of general-purpose chatbots, with sections for children and adolescents and for adults",Chatbot conversation,in this conversation,"The patient's parents or caregivers report concerning changes in the patient's behavior, thinking, or emotional state (such as changes in sleep and regular activities, mentions of an AI friend, or social withdrawal)."
12-033a,12-033,12,APA Health Advisory on the Use of Generative AI Chatbots and Wellness Applications for Mental Health (November 2025),12_APA_Health_Advisory_GenAI_chatbots_Nov2025.pdf,7,"Users of general-purpose chatbots, with sections for children and adolescents and for adults",Chatbot conversation,in this conversation,The patient discloses something that signals a risk of harm.
12-033b,12-033,12,APA Health Advisory on the Use of Generative AI Chatbots and Wellness Applications for Mental Health (November 2025),12_APA_Health_Advisory_GenAI_chatbots_Nov2025.pdf,7,"Users of general-purpose chatbots, with sections for children and adolescents and for adults",Chatbot conversation,in this conversation,The patient discloses something that signals maltreatment.
12-041,12-041,12,APA Health Advisory on the Use of Generative AI Chatbots and Wellness Applications for Mental Health (November 2025),12_APA_Health_Advisory_GenAI_chatbots_Nov2025.pdf,9,"Users of general-purpose chatbots, with sections for children and adolescents and for adults",Chatbot conversation,in this conversation,"The patient shows reassurance-seeking or validation-seeking that the chatbot is reinforcing (such as in anxiety, OCD, or autism)."
13-004c,13-004,13,"FDA Digital Health Advisory Committee, November 6, 2025 - Executive Summary",13a_FDA_DHAC_Nov6_2025_Executive_Summary.pdf,16,"Adults with major depressive disorder, in the committee's hypothetical prescription device",Chatbot conversation,in this conversation,The patient's symptoms are relapsing.
13-011,13-011,13,"FDA Digital Health Advisory Committee, November 6, 2025 - 24-Hour Summary",13b_FDA_DHAC_Nov6_2025_24-Hour_Summary.pdf,3,"Adults with major depressive disorder, in the committee's hypothetical prescription device",Chatbot conversation,in this conversation,The patient's symptoms are escalating.
14-053,14-053,14,VERA-MH validation study (Bentley 2026),14b_VERA-MH_validation_Bentley_2026_arXiv_2602.05088.pdf,16,Simulated users in mental health conversations with a chatbot; adult personas,Chatbot conversation,right now,The patient is at immediate risk.
